http://goo.gl/SaoCpo,http://www.cinemagia.ro/filme/one-hundred-and-one-dalmatians-101-dalmatieni-8260/
http://goo.gl/2gx3cF,http://www.cinemagia.ro/filme/101-dalmatians-ii-patchs-london-adventure-101-dalmatieni-ii-20014/
http://goo.gl/1Ku691,http://www.cinemagia.ro/filme/a-bugs-life-aventuri-la-firul-ierbii-17/
http://goo.gl/w0B2Xq,http://www.cinemagia.ro/filme/abominable-christmas-590256/
http://goo.gl/Q0xhPg,http://www.cinemagia.ro/filme/aladdin-3817/
http://goo.gl/PH9xxk,http://www.cinemagia.ro/filme/the-return-of-jafar-20143/
http://goo.gl/CsMXtE,http://www.cinemagia.ro/filme/aladdin-and-the-king-of-thieves-20221/
http://goo.gl/8m3PYI,http://www.cinemagia.ro/filme/alice-in-wonderland-alice-in-tara-minunilor-8486/
http://goo.gl/JdWYX2,http://www.cinemagia.ro/filme/all-dogs-go-to-heaven-toti-cainii-merg-in-rai-5698/
http://goo.gl/P7dUj5,http://www.cinemagia.ro/filme/all-dogs-go-to-heaven-2-566340/
http://goo.gl/oloNqP,http://www.cinemagia.ro/filme/aloha-scooby-doo-21006/
http://goo.gl/AqDmHu,http://www.cinemagia.ro/filme/alpha-and-omega-483165/
http://goo.gl/ENxHQ5,http://www.imdb.com/title/tt3111728/
http://goo.gl/2YgYYa,http://www.imdb.com/title/tt3600760/
http://goo.gl/THzncP,http://www.cinemagia.ro/filme/alvin-and-the-chipmunks-alvin-si-veveritele-17511/
http://goo.gl/4tCuK6,http://www.cinemagia.ro/filme/alvin-and-the-chipmunks-the-squeakquel-27961/
http://goo.gl/x0dtzr,http://www.cinemagia.ro/filme/alvin-and-the-chipmunks-chipwrecked-558889/
http://goo.gl/y9f3ub,http://www.cinemagia.ro/filme/an-extremely-goofy-movie-21531/
http://goo.gl/FE2O5R,http://www.cinemagia.ro/filme/anastasia-2297/
https://goo.gl/g08Ueg,http://www.cinemagia.ro/filme/the-angry-birds-movie-589500/
http://goo.gl/8UKChS,http://www.cinemagia.ro/filme/konferenz-der-tiere-559327/
http://goo.gl/H8TISj,http://www.cinemagia.ro/filme/annie-589354/
http://goo.gl/1CwHLp,http://www.cinemagia.ro/filme/arthur-et-les-minimoys-arthur-and-the-invisibles-17114/
http://goo.gl/Ntgfak,http://www.cinemagia.ro/filme/arthur-et-la-vengeance-de-maltazard-arthur-si-razbunarea-lui-maltazard-25647/
http://goo.gl/mpiJ0B,http://www.cinemagia.ro/filme/arthur-christmas-44287/
http://goo.gl/itwki5,http://www.cinemagia.ro/filme/asterix-et-cleopatre-asterix-si-cleopatra-10439/
http://goo.gl/9Gb4i0,http://www.cinemagia.ro/filme/asterix-et-les-vikings-asterix-si-vikingii-14920/
http://goo.gl/9euOeV,http://www.cinemagia.ro/filme/asterix-le-gaulois-asterix-si-galii-10423/
http://goo.gl/gF8U3G,http://www.cinemagia.ro/filme/atlantis-the-lost-empire-atlantida-imperiul-disparut-80/
http://goo.gl/WPZIuk,http://www.imdb.com/title/tt0022647/
http://goo.gl/T4SWsv,http://www.cinemagia.ro/filme/balto-9379/
http://goo.gl/m7rYbR,http://www.cinemagia.ro/filme/balto-ii-wolf-quest-balto-ii-aventurile-unui-lup-9760/
http://goo.gl/gLB2e3,http://www.cinemagia.ro/filme/balto-iii-wings-of-change-20436/
http://goo.gl/E7k5SD,http://www.cinemagia.ro/filme/bambi-2684/
http://goo.gl/0B4ZZ4,http://www.cinemagia.ro/filme/bambi-and-the-great-prince-of-the-forest-11483/
http://goo.gl/h2xHlk,http://www.imdb.com/title/tt3921852/
http://goo.gl/1DFHxD,http://www.cinemagia.ro/filme/barbie-spy-squad-1018081/
https://goo.gl/E1tQDG,http://www.cinemagia.ro/filme/barbie-star-light-adventure-1057621/
http://goo.gl/Ww3Vn5,http://www.imdb.com/title/tt3321254/
http://goo.gl/RfWZyT,http://www.imdb.com/title/tt5042426/
http://goo.gl/QWozgu,http://www.cinemagia.ro/filme/barbie-in-the-pink-shoes-590050/
http://goo.gl/pVQ41b,http://www.cinemagia.ro/filme/barbie-in-rock-n-royals-625713/
http://goo.gl/pVQ41b,http://www.cinemagia.ro/filme/barbie-in-rock-n-royals-625713/
http://goo.gl/UUcxVx,http://www.cinemarx.ro/filme/Barbie-Mariposa-and-the-Fairy-Princess-Barbie-Mariposa-and-the-Fairy-Princess-2570468.html
http://goo.gl/uVaQSv,http://www.imdb.com/title/tt3504064/
http://goo.gl/IlFqrH,http://www.cinemagia.ro/filme/beauty-and-the-beast-frumoasa-si-bestia-20180/
http://goo.gl/xaPMKV,http://www.cinemagia.ro/filme/beauty-and-the-beast-the-enchanted-christmas-26027/
http://goo.gl/lZwgmx,http://www.cinemagia.ro/filme/bee-movie-bee-movie-povestea-unei-albine-9263/
http://goo.gl/ZVwCT1,http://www.cinemagia.ro/filme/big-hero-6-589489/
http://goo.gl/4ykcbz,http://www.cinemagia.ro/filme/big-top-scooby-doo-578368/
http://goo.gl/PCRsL4,http://www.cinemagia.ro/filme/blinky-bill-the-movie-603309/
http://goo.gl/bGPXY1,http://www.cinemagia.ro/filme/bolt-21215/
http://goo.gl/rva7j3,http://www.cinemagia.ro/filme/brave-26683/
http://goo.gl/grnRvt,http://www.imdb.com/title/tt2565938/
http://goo.gl/ATjgmK,http://www.cinemagia.ro/filme/brother-bear-inima-de-urs-5448/
http://goo.gl/nmKXqt,http://www.cinemagia.ro/filme/brother-bear-2-26360/
http://goo.gl/w62TrL,http://www.cinemagia.ro/filme/bugs-bunnys-3rd-movie-1001-rabbit-tales-171247/
http://goo.gl/QvXgf4,http://www.cinemagia.ro/filme/cars-masini-6037/
http://goo.gl/4Zkxu0,http://www.cinemagia.ro/filme/cars-2-26684/
http://goo.gl/RVQqts,http://www.cinemagia.ro/filme/chicken-little-puiu-mic-8724/
http://goo.gl/pVMsuA,http://www.cinemagia.ro/filme/chill-out-scooby-doo-22200/
http://goo.gl/mHNSEK,http://www.cinemagia.ro/filme/cinderella-579061/
http://goo.gl/PWcbNQ,http://www.cinemagia.ro/filme/cinderella-cenusareasa-8487/
http://goo.gl/kgwCdE,http://www.cinemagia.ro/filme/cinderella-ii-dreams-come-true-cinderella-ii-20161/
http://goo.gl/KAqXu5,http://www.cinemagia.ro/filme/cinderella-iii-a-twist-in-time-21350/
http://goo.gl/ZBIWwN,http://www.cinemagia.ro/filme/cloudy-with-a-chance-of-meatballs-sta-sa-ploua-cu-chiftele-18705/
http://goo.gl/6A8Z2y,http://www.cinemagia.ro/filme/cloudy-with-a-chance-of-meatballs-2-577582/
http://goo.gl/JyUYn5,http://www.cinemagia.ro/filme/coraline-27889/
http://goo.gl/RxjSXD,http://www.imdb.com/title/tt1675852/
http://goo.gl/WTfcqa,http://www.cinemagia.ro/filme/curious-george-a-very-monkey-christmas-590272/
http://goo.gl/kYmy5X,http://www.cinemagia.ro/filme/descendants-614781/
http://goo.gl/zXNlK3,http://www.cinemagia.ro/filme/despicable-me-31521/
http://goo.gl/GdrVY9,http://www.imdb.com/title/tt1830633/
http://goo.gl/m3caxU,http://www.imdb.com/title/tt1830748/
http://goo.gl/X17Fu1,http://www.cinemagia.ro/filme/despicable-me-2-559360/
http://goo.gl/uDx3EF,http://www.imdb.com/title/tt3454066/
http://goo.gl/AFxnQg,http://www.cinemagia.ro/filme/dinosaur-26/
http://goo.gl/uVMeEh,http://www.blu-ray.com/movies/Donald-Ducks-Christmas-Favorites-Blu-ray/59358/
http://goo.gl/NZWyqI,http://www.cinemagia.ro/filme/donkey-xote-magarusul-buclucas-23586/
http://goo.gl/2qk0AM,http://www.cinemagia.ro/filme/ducktales-the-movie-treasure-of-the-lost-lamp-21010/
http://goo.gl/hhMCAV,http://www.cinemagia.ro/filme/dumbo-8660/
http://goo.gl/J8ks58,http://www.cinemarx.ro/filme/Elmer-Elephant-Elmer-Elephant-42188.html
http://goo.gl/ErCCId,http://www.cinemagia.ro/filme/emilie-jolie-577535/
http://goo.gl/Ip5ml7,http://www.cinemagia.ro/filme/everyones-hero-15843/
http://goo.gl/nuutIj,http://www.cinemagia.ro/filme/everyones-hero-15843/
http://goo.gl/kT1hDT,http://www.cinemagia.ro/filme/fantasia-8661/
http://goo.gl/XDJRmH,http://www.cinemagia.ro/filme/fantasia-2000-fantezia-2000-253/
http://goo.gl/8vVPo9,http://www.cinemarx.ro/filme/Feast-Feast-2644096.html
http://goo.gl/N0GyG3,http://www.cinemagia.ro/filme/ferngully-the-last-rainforest-ferngully-ultima-padure-tropicala-15210/
http://goo.gl/uhG8uE,http://www.cinemagia.ro/filme/finding-nemo-in-cautarea-lui-nemo-3987/
http://goo.gl/nYNXTY,http://www.cinemagia.ro/filme/firebreather-578054/
http://goo.gl/mYYBCh,http://www.cinemagia.ro/filme/free-birds-561410/
http://goo.gl/V2UlwH,http://www.cinemagia.ro/filme/free-willy-salvati-l-pe-willy-i-5716/
http://goo.gl/V2UlwH,http://www.cinemagia.ro/filme/free-willy-salvati-l-pe-willy-i-5716/
http://goo.gl/A3ljyB,http://www.cinemagia.ro/filme/frozen-fever-612545/
http://goo.gl/n09BcZ,http://www.cinemagia.ro/filme/g-force-g-force-salvatorii-planetei-21218/
http://goo.gl/HPY38v,http://www.cinemarx.ro/filme/Gift-Wrapped-Gift-Wrapped-100607.html
http://goo.gl/WsM0Z2,http://www.cinemarx.ro/filme/Tous-a-lOuest-Une-aventure-de-Lucky-Luke-Aventurile-lui-Lucky-Luke-166824.html
http://goo.gl/B1ZHak,http://www.cinemagia.ro/filme/happy-feet-two-42709/
http://goo.gl/qbGpnI,http://www.cinemagia.ro/filme/harry-potter-and-the-sorcerers-stone-harry-potter-si-piatra-filozofala-1468/
http://goo.gl/U4fCel,http://www.cinemagia.ro/filme/harry-potter-and-the-prisoner-of-azkaban-harry-potter-si-prizonierul-din-3945/
http://goo.gl/Xqv6wx,http://www.cinemagia.ro/filme/harry-potter-and-the-goblet-of-fire-harry-potter-si-pocalul-de-foc-4885/
http://goo.gl/CUk9Ic,http://www.cinemagia.ro/filme/harry-potter-and-the-order-of-the-phoenix-harry-potter-si-ordinul-phoenix-8303/
http://goo.gl/0OBb6X,http://www.cinemagia.ro/filme/harry-potter-and-the-half-blood-prince-harry-potter-si-printul-semipur-10195/
http://goo.gl/DGFiHj,http://www.cinemagia.ro/filme/hercules-hercule-702/
http://goo.gl/zmLjGj,http://www.cinemagia.ro/filme/home-579213/
http://goo.gl/yI8loI,http://www.cinemagia.ro/filme/home-on-the-range-o-ferma-trasnita-6628/
http://goo.gl/GBCg6z,http://www.cinemagia.ro/filme/hop-44159/
http://goo.gl/jA4tdr,http://www.cinemagia.ro/filme/horton-hears-a-who-horton-16578/
http://goo.gl/RqibwM,http://www.cinemagia.ro/filme/hotel-transylvania-hotel-transilvania-18904/
http://goo.gl/6yvtvh,http://www.cinemagia.ro/filme/hotel-transylvania-2-589355/
http://goo.gl/FS2wrR,http://www.cinemagia.ro/filme/how-to-train-your-dragon-19400/
http://goo.gl/sszERw,http://www.cinemagia.ro/filme/how-to-train-your-dragon-2-559359/
http://goo.gl/xNfWbH,http://www.cinemagia.ro/filme/ice-age-epoca-de-gheata-2308/
http://goo.gl/4MihgM,http://www.cinemagia.ro/filme/ice-age-2-the-meltdown-epoca-de-gheata-2-dezghetul-6527/
http://goo.gl/r9rHiG,http://www.cinemagia.ro/filme/ice-age-dawn-of-the-dinosaurs-epoca-de-gheata-3-aparitia-dinozaurilor-18706/
http://goo.gl/kiki5B,http://www.cinemagia.ro/filme/ice-age-continental-drift-558890/
http://goo.gl/DXYFjG,http://www.cinemagia.ro/filme/ice-age-a-mammoth-christmas-571790/
http://goo.gl/9I5Ynq,http://www.imdb.com/title/tt5480340/
http://goo.gl/eCEKcc,http://www.cinemagia.ro/filme/inside-out-577669/
http://goo.gl/IIRqvI,http://www.cinemagia.ro/filme/its-a-very-merry-muppet-christmas-movie-craciunul-papusilor-muppets-14428/
http://goo.gl/e7vsuK,http://www.cinemagia.ro/filme/khumba-487532/
http://goo.gl/6T3lFz,http://www.cinemagia.ro/filme/kung-fu-panda-15859/
http://goo.gl/SclqOG,http://www.cinemagia.ro/filme/kung-fu-panda-2-30240/
http://goo.gl/pkafPh,http://www.cinemagia.ro/filme/kung-fu-panda-3-589375/
http://goo.gl/clMxdb,http://www.cinemarx.ro/filme/Kung-Fu-Panda-Holiday-Special-Kung-Fu-Panda-Holiday-Special-2428057.html
http://goo.gl/WENm5Q,http://www.cinemagia.ro/filme/lady-and-the-tramp-doamna-si-vagabondul-294/
http://goo.gl/OK2TY1,http://www.cinemagia.ro/filme/lady-and-the-tramp-ii-scamps-adventure-315587/
http://goo.gl/PsMF5F,http://www.cinemagia.ro/filme/legends-of-oz-dorothys-return-483805/
https://goo.gl/KkXmZv,https://www.cinemagia.ro/filme/lego-batman-the-movie-dc-superheroes-unite-581907/
http://goo.gl/lirOvM,http://www.imdb.com/title/tt5548284
http://goo.gl/tTqSEJ,http://www.cinemagia.ro/filme/lilo-stitch-lilo-si-stitch-2690/
http://goo.gl/E61Zei,http://www.cinemagia.ro/filme/lilo-stitch-2-stitch-has-a-glitch-21540/
http://goo.gl/abDYyK,http://www.cinemagia.ro/filme/looney-tunes-rabbit-run-627297/
http://goo.gl/CS5kei,http://www.animationmagazine.eu/ratoiul-norocos-primul-film-original-disney-junior/
http://goo.gl/C9gzBK,http://www.cinemagia.ro/filme/madagascar-10001/
http://goo.gl/rRKT6Y,http://www.cinemagia.ro/filme/madagascar-escape-2-africa-madagascar-2-16579/
http://goo.gl/eNNyRX,http://www.cinemagia.ro/filme/madagascar-3-europes-most-wanted-31596/
http://goo.gl/982CdD,http://www.cinemagia.ro/filme/mary-poppins-1479/
http://goo.gl/W32OfX,http://www.cinemagia.ro/filme/mars-needs-moms-484815/
http://goo.gl/udyKRH,http://www.cinemagia.ro/filme/meet-the-robinsons-familia-robinson-11482/
http://goo.gl/OdMC1Z,http://www.cinemagia.ro/filme/megamind-26302/
http://goo.gl/rTxEBk,http://www.cinemagia.ro/filme/mickeys-christmas-carol-38165/
http://goo.gl/d0AKYC,http://www.cinemagia.ro/filme/mickeys-house-of-villains-23781/
http://goo.gl/KMHvOZ,http://www.cinemagia.ro/filme/mickeys-magical-christmas-snowed-in-at-the-house-of-mouse-22986/
https://goo.gl/aVfEFP,https://www.cinemagia.ro/filme/mickeys-once-upon-a-christmas-22631/
https://goo.gl/Vyz171,https://www.cinemagia.ro/filme/mickeys-twice-upon-a-christmas-21002/
https://goo.gl/N75KKH,http://www.imdb.com/title/tt5060232/
http://goo.gl/ddg0TI,http://disney.wikia.com/wiki/Minnie's_the_Wizard_of_Dizz
http://goo.gl/DMjPFO,http://www.imdb.com/title/tt0100409/
http://goo.gl/rTxEBk,http://www.cinemagia.ro/filme/mickeys-christmas-carol-38165/
http://goo.gl/GC0zxJ,http://www.imdb.com/title/tt5242320/
http://goo.gl/rEi3EJ,http://www.cinemarx.ro/filme/Monster-High-Freaky-Fusion-Monster-High-Freaky-Fusion-2655988.html
http://goo.gl/OlvO4n,http://www.imdb.com/title/tt5475710/
http://goo.gl/JIsNUD,http://www.cinemagia.ro/filme/monsters-inc-compania-monstrilor-1966/
http://goo.gl/ABhv7K,http://www.cinemagia.ro/filme/mikes-new-car-21419/
http://goo.gl/nS5e30,http://www.cinemagia.ro/filme/monsters-university-488669/
http://goo.gl/ClPr9E,http://www.cinemagia.ro/filme/monsters-vs-aliens-monstri-contra-extraterestri-19987/
http://goo.gl/2jXKBI,http://www.cinemagia.ro/filme/mr-peabody-sherman-488670/
http://goo.gl/cE1SUa,http://www.cinemagia.ro/filme/mulan-neinfricata-mulan-2494/
http://goo.gl/FqRoRj,http://www.cinemagia.ro/filme/mulan-ii-23205/
http://goo.gl/2G0Igt,http://www.cinemagia.ro/filme/mune-le-gardien-de-la-lune-605743/
http://goo.gl/G5HyHi,http://www.cinemagia.ro/filme/muppets-most-wanted-584236/
http://goo.gl/HpaaTh,http://www.cinemagia.ro/filme/my-little-pony-equestria-girls-590877/
http://goo.gl/Amw8gM,http://mlp.wikia.com/wiki/My_Little_Pony_Equestria_Girls:_Rainbow_Rocks
http://goo.gl/Amw8gM,http://mlp.wikia.com/wiki/My_Little_Pony_Equestria_Girls:_Rainbow_Rocks
http://goo.gl/rli7wr,http://www.cinemagia.ro/filme/niko-lentajan-poika-niko-the-way-to-the-stars-452299/
http://goo.gl/w4AaVU,http://www.cinemagia.ro/filme/norm-of-the-north-569707/
http://goo.gl/GyA1e9,http://www.cinemagia.ro/filme/oliver-company-21668/
http://goo.gl/1Gp5F2,http://www.cinemagia.ro/filme/open-season-nazdravanii-din-padure-14583/
http://goo.gl/QDXt4n,http://www.cinemagia.ro/filme/open-season-2-28273/
http://goo.gl/syCY8r,http://www.cinemagia.ro/filme/open-season-3-559279/
http://goo.gl/eXfnHL,http://www.cinemagia.ro/filme/open-season-scared-silly-1018079/
http://goo.gl/LOYuE8,http://www.cinemagia.ro/filme/over-the-hedge-peste-tufis-12907/
http://goo.gl/HYfybz,http://www.cinemagia.ro/filme/paranorman-566726/
http://goo.gl/ZzZdDO,http://www.cinemagia.ro/filme/planes-566704/
http://goo.gl/oVzxKf,http://www.cinemagia.ro/filme/planes-fire-rescue-589744/
http://goo.gl/4SRcVz,http://www.cinemagia.ro/filme/planet-51-28843/
https://goo.gl/69X61l,http://www.cinemagia.ro/filme/petes-dragon-un-dragon-pe-nume-elliott-17020/
http://goo.gl/dh23xt,http://www.cinemagia.ro/filme/peter-pan-2787/
http://goo.gl/xLZ2I1,http://www.cinemagia.ro/filme/return-to-never-land-2177/
http://goo.gl/Aq1GoH,http://www.cinemagia.ro/filme/peter-pan-4882/
http://goo.gl/gDNEHw,http://www.cinemagia.ro/filme/pinocchio-4012/
http://goo.gl/0k60jo,http://www.cinemagia.ro/filme/piglets-big-movie-marea-aventura-a-porcusorului-4198/
http://goo.gl/MHGIc7,http://www.cinemagia.ro/filme/pocahontas-3788/
http://goo.gl/rWe7j7,http://www.cinemagia.ro/filme/pocahontas-ii-journey-to-a-new-world-20414/
http://goo.gl/ZwIkdc,http://www.cinemagia.ro/filme/poohs-heffalump-movie-winnie-ursuletul-de-plus-si-elefantelul-9666/
http://goo.gl/lt3ltH,http://www.cinemagia.ro/filme/prep-landing-475169/
http://goo.gl/JhQpPu,http://www.cinemagia.ro/filme/puss-in-boots-18263/
http://goo.gl/0RMkJ6,http://www.cinemagia.ro/filme/rollin-sydan-432896/
http://goo.gl/s23ej8,http://www.cinemagia.ro/filme/rango-30858/
http://goo.gl/BrPuHh,http://www.cinemagia.ro/filme/ratatouille-16560/
http://goo.gl/YKc5By,http://www.imdb.com/title/tt2066048/
http://goo.gl/YKc5By,http://www.imdb.com/title/tt2066048/
http://goo.gl/drLDeG,http://www.cinemagia.ro/filme/rio-43926/
http://goo.gl/2i74QV,http://www.cinemagia.ro/filme/rio-2-578158/
http://goo.gl/5WMnRo,http://www.cinemagia.ro/filme/rise-of-the-guardians-44665/
http://goo.gl/VhwKe7,http://www.cinemagia.ro/filme/robin-hood-7569/
http://goo.gl/D9lTeq,http://www.cinemagia.ro/filme/room-on-the-broom-590367/
http://goo.gl/R4HZ5T,http://www.cinemarx.ro/filme/Sammys-Adventures-Aventurile-lui-Sammy-3D-491076.html
http://goo.gl/zWrufE,http://www.cinemagia.ro/filme/sammys-adventures-2-577583/
http://goo.gl/wAKSaq,http://www.cinemagia.ro/filme/scooby-doo-in-wheres-my-mummy-scooby-doo-unde-i-mumia-mea-14870/
http://goo.gl/OQblGc,http://www.cinemagia.ro/filme/scooby-doo-and-the-cyber-chase-318930/
http://goo.gl/pqzgQo,http://www.cinemagia.ro/filme/scooby-doo-and-the-goblin-king-scooby-doo-si-regele-spiridusilor-30205/
http://goo.gl/6b8Ia9,http://www.cinemagia.ro/filme/scooby-doo-and-the-loch-ness-monster-scooby-doo-si-monstrul-din-loch-ness-32662/
http://goo.gl/sH7P87,http://www.cinemagia.ro/filme/scooby-doo-and-the-monster-of-mexico-scooby-doo-si-monstrul-din-mexic-13283/
http://goo.gl/0QXlp3,http://www.cinemagia.ro/filme/scooby-doo-and-the-samurai-sword-43941/
http://goo.gl/ff1uTv,http://www.cinemagia.ro/filme/scooby-doo-abracadabra-doo-559062/
http://goo.gl/QvJRXi,http://www.cinemarx.ro/filme/Scooby-Doo-Adventures-The-Mystery-Map-Scooby-Doo-Adventures-The-Mystery-Map-2654009.html
http://goo.gl/mpsqRV,http://www.cinemagia.ro/filme/scooby-doo-and-the-legend-of-the-vampire-23883/
http://goo.gl/kjyxtC,http://www.cinemagia.ro/filme/scooby-doo-and-kiss-rock-and-roll-mystery-627295/
http://goo.gl/5MeeQL,http://www.cinemagia.ro/filme/scooby-doo-camp-scare-559251/
http://goo.gl/4wyMTV,http://en.wikipedia.org/wiki/Scooby-Doo!_Frankencreepy
http://goo.gl/2fEm58,http://www.imdb.com/title/tt5377164/
http://goo.gl/RpV6ET,http://www.cinemarx.ro/filme/Scooby-Doo-Mask-of-the-Blue-Falcon-Scooby-Doo-Masca-soimului-albastru-2551368.html
http://goo.gl/IME0j0,http://www.imdb.com/title/tt4215766/
http://goo.gl/jXnYna,http://www.cinemagia.ro/filme/scooby-doo-pirates-ahoy-23409/
http://goo.gl/EeW6DF,http://www.cinemarx.ro/filme/Scooby-Doo-Stage-Fright-Scooby-Doo-Stage-Fright-2566274.html
http://goo.gl/3yNIkJ,http://www.cinemagia.ro/filme/scooby-doo-the-mystery-begins-44275/
http://goo.gl/n1dTfA,http://www.cinemarx.ro/filme/Scooby-Doo-WrestleMania-Mystery-Scooby-Doo-WrestleMania-Mystery-2515839.html
http://goo.gl/OTL4ky,http://www.cinemagia.ro/filme/scooby-doo-2-monsters-unleashed-scooby-doo-2-monstrii-dezlantuiti-6164/
https://goo.gl/mj6JoQ,http://www.cinemagia.ro/filme/shark-tale-povestea-unui-rechin-4880/
http://goo.gl/DcGvdp,http://www.cinemagia.ro/filme/shrek-236/
http://goo.gl/6QRkYK,http://www.cinemagia.ro/filme/shrek-2-3981/
http://goo.gl/rz1cQI,http://www.cinemagia.ro/filme/shrek-the-third-shrek-al-treilea-9856/
http://goo.gl/Qh00Qd,http://www.cinemagia.ro/filme/shrek-forever-after-17824/
http://goo.gl/EpSgM7,http://www.cinemarx.ro/filme/Donkeys-Christmas-Shrektacular-Donkeys-Christmas-Shrektacular-2460058.html
http://goo.gl/1k0FS5,http://www.cinemagia.ro/filme/shrek-4-d-20398/
http://goo.gl/4M6nPy,http://www.imdb.com/title/tt2087984/
http://goo.gl/wnoxrN,http://www.cinemagia.ro/filme/shrek-the-halls-shrek-cu-zurgalai-23188/
http://goo.gl/g9FXmk,http://www.cinemagia.ro/filme/sleeping-beauty-frumoasa-adormita-8484/
http://goo.gl/Iz04m8,http://www.cinemagia.ro/filme/snow-white-and-the-seven-dwarfs-alba-ca-zapada-si-cei-sapte-pitici-2740/
http://goo.gl/t2MnS2,http://www.cinemagia.ro/filme/snowflake-the-white-gorilla-485568/
http://goo.gl/EHiut7,http://www.cinemagia.ro/filme/song-of-the-sea-583167/
http://goo.gl/xRo4C0,http://www.cinemagia.ro/filme/spy-kids-joaca-de-a-spionii-1632/
http://goo.gl/gfb7gy,http://www.cinemagia.ro/filme/star-wars-episode-vii-the-force-awakens-578562/
http://goo.gl/KFzN7H,http://www.cinemagia.ro/filme/stuart-little-stuart-little-soricelul-familiei-293/
http://goo.gl/CNYOy5,http://www.cinemagia.ro/filme/stuart-little-2-2291/
http://goo.gl/uJDft1,http://www.cinemagia.ro/filme/surfs-up-cu-totii-la-surf-15017/
http://goo.gl/MtbW7P,http://www.cinemagia.ro/filme/swindle-625011/
http://goo.gl/N8bRqf,http://www.cinemagia.ro/filme/tangled-17814/
http://goo.gl/SrXEXw,http://www.cinemagia.ro/filme/tangled-ever-after-589192/
http://goo.gl/zDx2MB,http://www.cinemagia.ro/filme/tarzan-130/
http://goo.gl/r2Bl2y,http://www.cinemagia.ro/filme/the-aristocats-pisicile-aristocrate-6100/
http://goo.gl/gMNcRI,http://www.cinemagia.ro/filme/the-boxtrolls-484247/
http://goo.gl/CM2LH7,http://www.cinemagia.ro/filme/the-chronicles-of-narnia-the-lion-the-witch-and-the-wardrobe-cronicile-9083/
http://goo.gl/vqQmWU,http://www.cinemagia.ro/filme/the-croods-488773/
http://goo.gl/pYJpbv,http://www.cinemagia.ro/filme/the-emperors-new-groove-imparatul-vrajit-7/
http://goo.gl/loZpHs,http://www.cinemagia.ro/filme/the-fox-and-the-hound-vulpea-si-cainele-2367/
http://goo.gl/sPpDhf,http://www.cinemagia.ro/filme/the-fox-and-the-hound-2-25090/
http://goo.gl/4ZOmL5,http://www.imdb.com/title/tt0025184/
http://goo.gl/cC7GUC,http://www.cinemagia.ro/filme/the-good-dinosaur-566972/
http://goo.gl/ufsA3U,http://www.cinemagia.ro/filme/the-goonies-talharii-6860/
http://goo.gl/8b6g39,http://www.cinemarx.ro/filme/The-Grasshopper-and-the-Ants-The-Grasshopper-and-the-Ants-42212.html
http://goo.gl/82Q6M2,http://www.cinemagia.ro/filme/the-great-mouse-detective-2491/
http://goo.gl/xd3P3g,http://www.cinemagia.ro/filme/the-gruffalo-479162/
http://goo.gl/yVDy2z,http://www.cinemarx.ro/filme/The-Gruffalos-Child-The-Gruffalos-Child-2480845.html
http://goo.gl/b4rYR4,http://www.cinemagia.ro/filme/the-house-of-magic-591017/
http://goo.gl/67aZtv,http://www.cinemagia.ro/filme/the-hunchback-of-notre-dame-cocosatul-de-la-notre-dame-164/
http://goo.gl/u07225,http://www.cinemagia.ro/filme/the-incredibles-incredibilii-5670/
http://goo.gl/051qqo,http://www.cinemagia.ro/filme/the-jungle-book-cartea-junglei-3146/
http://goo.gl/haoZdC,http://www.cinemagia.ro/filme/the-jungle-book-2-cartea-junglei-2-3599/
http://goo.gl/3ALSCz,http://www.imdb.com/title/tt2279083/
http://goo.gl/WkmZjS,http://www.cinemagia.ro/filme/the-jungle-book-591174/
http://goo.gl/1RfqSx,http://www.cinemagia.ro/filme/the-land-before-time-tinutul-uitat-de-timp-5663/
http://goo.gl/uDhGVg,http://www.cinemagia.ro/filme/the-land-before-time-xii-the-great-day-of-the-flyers-tinutul-stravechi-23155/
http://goo.gl/A1mzqO,http://www.cinemagia.ro/filme/the-lion-king-regele-leu-2363/
http://goo.gl/ssqA7z,http://www.cinemagia.ro/filme/the-lion-king-ii-simbas-pride-4697/
http://goo.gl/Bi6VUJ,http://www.cinemagia.ro/filme/lion-king-1-12-4698/
http://goo.gl/IEcjXv,http://www.cinemagia.ro/filme/the-little-mermaid-mica-sirena-163/
http://goo.gl/GMnUIF,http://www.cinemagia.ro/filme/the-little-mermaid-ariels-beginning-29270/
http://goo.gl/GMnUIF,http://www.cinemagia.ro/filme/the-little-mermaid-ariels-beginning-29270/
http://goo.gl/JSaNnb,http://www.cinemagia.ro/filme/the-lego-movie-488879/
http://goo.gl/02uDnB,http://www.cinemarx.ro/filme/The-Looney-Looney-Looney-Bugs-Bunny-Movie-Looney-Looney-Looney-Bugs-Bunny-Filmul-29315.html
http://goo.gl/CqsaO8,http://www.cinemagia.ro/filme/the-lorax-44666/
http://goo.gl/PAONPW,http://www.imdb.com/title/tt0060661/
http://goo.gl/9DrOxL,http://www.cinemagia.ro/filme/the-many-adventures-of-winnie-the-pooh-20542/
http://goo.gl/oqAypJ,http://www.cinemagia.ro/filme/the-muppets-558874/
http://goo.gl/SKky5F,http://www.cinemagia.ro/filme/the-naughty-list-594209/
http://goo.gl/5bLjYV,http://www.cinemagia.ro/filme/the-nut-job-571036/
http://goo.gl/ASuOiO,http://www.cinemagia.ro/filme/the-pagemaster-stapanul-cartilor-9344/
http://goo.gl/t9Jf3n,http://www.cinemagia.ro/filme/the-peanuts-movie-589628/
http://goo.gl/wvT5I8,http://www.cinemagia.ro/filme/the-penguins-of-madagascar-589635/
http://goo.gl/LpQJPx,http://www.cinemagia.ro/filme/the-princess-and-the-frog-17815/
http://goo.gl/nT51Rn,http://www.cinemagia.ro/filme/the-polar-express-polar-expres-6171/
http://goo.gl/fIMFHr,http://www.cinemarx.ro/filme/The-Reluctant-Dragon-The-Reluctant-Dragon-71529.html
http://goo.gl/A6RHli,http://www.cinemagia.ro/filme/the-smurfs-33002/
http://goo.gl/eHM8rt,http://www.cinemagia.ro/filme/the-smurfs-2-566826/
http://goo.gl/Vzr9Ah,http://www.imdb.com/title/tt2958484/
https://goo.gl/fP0aTp,https://www.cinemagia.ro/filme/snezhnaya-koroleva-578446/
http://goo.gl/tbQsZS,http://www.cinemagia.ro/filme/the-snow-queen-2-594443/
http://goo.gl/AlTvz9,http://www.cinemagia.ro/filme/the-spongebob-squarepants-movie-buretelul-bob-si-coroana-regelui-neptun-8526/
http://goo.gl/WyauwK,http://www.cinemagia.ro/filme/the-spongebob-movie-sponge-out-of-water-579854/
http://goo.gl/avnIs1,http://www.cinemagia.ro/filme/the-swan-princess-3794/
http://goo.gl/WIqNA6,http://www.cinemagia.ro/filme/the-swan-princess-ii-24256/
http://goo.gl/xMtVNK,http://en.wikipedia.org/wiki/The_Swan_Princess:_A_Royal_Family_Tale
http://goo.gl/DWqKyL,http://www.cinemagia.ro/filme/the-sword-in-the-stone-sabia-din-stanca-8262/
http://goo.gl/NMKSDZ,http://www.cinemagia.ro/filme/the-tigger-movie-aventurile-tigrisorului-103/
http://goo.gl/kxlKfG,http://www.cinemagia.ro/filme/les-douze-travaux-dasterix-cele-12-munci-ale-lui-asterix-3971/
http://goo.gl/5ZixpJ,http://www.cinemagia.ro/filme/the-wild-in-jungla-14616/
http://goo.gl/njUFav,http://www.cinemagia.ro/filme/the-wizards-return-alex-vs-alex-590257/
http://goo.gl/jwDe5V,http://www.imdb.com/title/tt2050664/
http://goo.gl/twfSza,http://www.imdb.com/title/tt3282174/
http://goo.gl/l2kjYR,http://www.imdb.com/title/tt0070832/
http://goo.gl/T5fuzq,http://www.cinemagia.ro/filme/thumbelina-degetica-3559/
http://goo.gl/IUbJKz,http://www.cinemagia.ro/filme/tinker-bell-clopotica-30592/
http://goo.gl/i0SdlL,http://www.cinemagia.ro/filme/pixie-hollow-games-488844/
http://goo.gl/tMavVs,http://www.cinemagia.ro/filme/secret-of-the-wings-488269/
http://goo.gl/naCF5W,http://www.cinemarx.ro/filme/Tinker-Bell-and-the-Great-Fairy-Rescue-Tinker-Bell-and-the-Great-Fairy-Rescue-482291.html
http://goo.gl/NwhwuH,http://www.cinemagia.ro/filme/tinker-bell-and-the-legend-of-the-neverbeast-591176/
http://goo.gl/8qKaXQ,http://www.cinemagia.ro/filme/tinker-bell-and-the-lost-treasure-tinker-bell-si-comoara-pierduta-43452/
http://goo.gl/zATxPp,http://www.cinemagia.ro/filme/the-pirate-fairy-579787/
http://goo.gl/4gkbh4,http://www.cinemagia.ro/filme/titan-ae-2296/
http://goo.gl/4JQkl0,http://www.cinemarx.ro/filme/Tom-and-Jerry-The-Wizard-of-Oz-Tom-si-Jerry-Vrajitorul-din-Oz-2471357.html
http://goo.gl/HTSav5,http://www.cinemagia.ro/filme/tom-and-jerry-a-nutcracker-tale-tom-si-jerry-povestea-spargatorului-de-22094/
http://goo.gl/mJ37Ci,http://www.cinemagia.ro/filme/tom-and-jerry-blast-off-to-mars-tom-si-jerry-misiune-pe-marte-16149/
http://goo.gl/sEgFnv,http://www.cinemagia.ro/filme/tom-and-jerry-the-fast-and-the-furry-21173/
http://goo.gl/2v837n,http://www.cinemagia.ro/filme/tom-and-jerry-spy-quest-627293/
http://goo.gl/rnysWn,http://www.cinemagia.ro/filme/tom-and-jerry-shiver-me-whiskers-tom-si-jerry-pe-mustata-mea-16732/
http://goo.gl/nKhVMM,http://www.cinemagia.ro/filme/tom-and-jerry-robin-hood-and-his-merry-mouse-578367/
http://goo.gl/OLLSTP,http://www.cinemagia.ro/filme/tom-and-jerry-meet-sherlock-holmes-559250/
http://goo.gl/OLLSTP,http://www.cinemagia.ro/filme/tom-and-jerry-meet-sherlock-holmes-559250/
http://goo.gl/PQ6bvu,http://www.cinemagia.ro/filme/toy-story-1521/
http://goo.gl/82Dkb9,http://www.cinemagia.ro/filme/toy-story-2-128/
http://goo.gl/11RnLg,http://www.cinemagia.ro/filme/toy-story-3-19112/
http://goo.gl/W4iSzh,http://www.cinemarx.ro/filme/Hawaiian-Vacation-Hawaiian-Vacation-2470452.html
http://goo.gl/bwSGVV,http://www.cinemarx.ro/filme/Partysaurus-Rex-Partysaurus-Rex-2569134.html
http://goo.gl/8f6dzu,http://www.imdb.com/title/tt2033372/
http://goo.gl/atqCDZ,http://www.imdb.com/title/tt3473654/
http://goo.gl/lkK53X,http://www.cinemagia.ro/stiri/woody-si-buzz-revin-in-toy-story-of-terror-23342/
http://goo.gl/SPqQpz,http://www.cinemagia.ro/filme/turbo-566927/
http://goo.gl/JOCde6,http://www.cinemagia.ro/filme/tweetie-pie-35722/
http://goo.gl/Rokxr6,http://www.cinemagia.ro/filme/up-deasupra-tuturor-21037/
http://goo.gl/Pmeswi,http://www.cinemagia.ro/filme/valiant-12578/
http://goo.gl/kltoKW,http://www.cinemagia.ro/filme/walking-with-dinosaurs-566864/
http://goo.gl/GEYts5,http://www.cinemagia.ro/filme/walle-wall-e-19107/
http://goo.gl/iH2iZh,http://www.cinemagia.ro/filme/winnie-the-pooh-488479/
http://goo.gl/nFczq3,http://www.cinemagia.ro/filme/winnie-the-pooh-a-very-merry-pooh-year-25726/
http://goo.gl/11Hkqa,http://www.cinemagia.ro/filme/winnie-the-pooh-springtime-with-roo-21041/
http://goo.gl/icXwKE,http://www.cinemagia.ro/filme/wreck-it-ralph-566497/
http://goo.gl/uc1FRs,http://www.cinemagia.ro/filme/gus-petit-oiseau-grand-voyage-594277/
http://goo.gl/q8bCtI,http://www.cinemagia.ro/filme/yogi-bear-486872/
http://goo.gl/O68RS3,http://www.cinemagia.ro/filme/zambezia-488494/
http://goo.gl/AFUhEh,http://www.cinemagia.ro/filme/zootopia-611453/
https://goo.gl/vGhhdE,http://www.cinemagia.ro/filme/robinson-crusoe-1009729/
http://goo.gl/gpj0un,http://www.cinemarx.ro/filme/A-Fairly-Odd-Christmas-A-Fairly-Odd-Christmas-2554895.html
http://goo.gl/ySVPWE,http://www.cinemagia.ro/filme/an-american-tail-the-mystery-of-the-night-monster-23766/
http://goo.gl/5bxoJz,http://www.cinemagia.ro/filme/barbie-a-fairy-secret-1005463/
http://goo.gl/iIhxA8,http://www.cinemagia.ro/filme/barbie-a-fashion-fairytale-1005465/
http://goo.gl/4OrdJ7,http://www.cinemagia.ro/filme/barbie-a-perfect-christmas-594359/
http://goo.gl/gvVPuz,http://www.cinemagia.ro/filme/barbie-princess-charm-school-1005457/
http://goo.gl/tTtgYn,http://www.cinemagia.ro/filme/barbie-and-the-diamond-castle-barbie-si-castelul-de-diamant-30788/
http://goo.gl/97Hh9j,http://www.cinemagia.ro/filme/barbie-and-the-magic-of-pegasus-3-d-barbie-si-al-ei-pegasus-magic-primul-14251/
http://goo.gl/fcXZ5q,http://www.cinemagia.ro/filme/barbie-and-the-three-musketeers-463630/
http://goo.gl/y2y7az,http://www.cinemarx.ro/filme/Barbie-as-Rapunzel-Barbie-in-Rapunzel-97895.html
http://goo.gl/XIlIA3,http://www.cinemagia.ro/filme/barbie-as-the-island-princess-barbie-in-printesa-insulei-magice-20553/
http://goo.gl/wO7sHz,http://www.cinemagia.ro/filme/barbie-fairytopia-12221/
http://goo.gl/rU3KIk,http://www.cinemagia.ro/filme/barbie-fairytopia-magic-of-the-rainbow-barbie-fairytopia-in-magia-17944/
http://goo.gl/4wRrLh,http://www.cinemagia.ro/filme/barbie-mermaidia-15175/
http://goo.gl/mHlBJp,http://www.cinemagia.ro/filme/barbie-in-a-christmas-carol-barbie-si-colindele-de-craciun-31257/
http://goo.gl/dpbwPU,http://www.cinemagia.ro/filme/barbie-in-a-mermaid-tale-559060/
http://goo.gl/GDzuR0,http://www.cinemagia.ro/filme/barbie-in-a-mermaid-tale-2-567672/
http://goo.gl/1yUFr3,http://www.cinemagia.ro/filme/barbie-mariposa-and-her-butterfly-fairy-friends-barbie-mariposa-26651/
http://goo.gl/jqAejc,http://www.cinemagia.ro/filme/harry-potter-and-the-ordehttp://www.cinemagia.ro/filme/barbie-of-swan-lake-barbie-din-lacul-lebedelor-9378/
http://goo.gl/RXpYJS,http://www.cinemarx.ro/filme/Belles-Magical-World-Frumoasa-si-Bestia-Belle-si-lumea-ei-magica-97974.html
http://goo.gl/pafhZS,http://www.cinemagia.ro/filme/barbie-in-the-12-dancing-princesses-barbie-in-cele-12-printese-balerine-16367/
http://goo.gl/ODtmSj,http://www.cinemarx.ro/filme/Barbie-The-Princess-the-Popstar-Barbie-The-Princess-the-Popstar-2537993.html
http://goo.gl/QMzd0F,http://www.cinemagia.ro/filme/barbie-presents-thumbelina-463631/
https://goo.gl/IMzliH,https://www.bol.com/nl/p/de-pietenbende-van-sinterklaas/1002004004440376/
http://goo.gl/yDtDmL,http://www.cinemagia.ro/filme/dear-dracula-590130/
http://goo.gl/iPwhec,http://www.cinemagia.ro/filme/disney-princess-enchanted-tales-follow-your-dreams-422985/
http://goo.gl/H0N8aC,http://www.imdb.com/title/tt4162910/?ref_=fn_al_tt_1
http://goo.gl/qZ1XeB,http://www.cinemagia.ro/filme/ho-ho-ho-43490/
http://goo.gl/cc57cU,http://www.cinemagia.ro/filme/inspector-gadgets-biggest-caper-ever-inspector-gadget-cele-mai-noi-28518/
http://goo.gl/Mokjeu,http://www.imdb.com/title/tt0181655/
http://goo.gl/HuIIrW,http://www.adevarulshop.ro/desene-animate/empire/69089-darul-magic-al-omului-de-zapada-dvd/
http://goo.gl/F1D7sG,http://www.cinemagia.ro/filme/maria-mirabela-3621/
http://goo.gl/B9aYNT,http://www.cinemagia.ro/filme/maria-si-mirabela-in-tranzistoria-3199/
http://goo.gl/htOkYI,http://en.wikipedia.org/wiki/My_Little_Pony:_Twinkle_Wish_Adventure
http://goo.gl/NG4prV,http://www.cinemagia.ro/filme/pinocchio-in-outer-space-97463/
https://goo.gl/z7SSaa,http://www.cinemagia.ro/filme/rudolph-the-red-nosed-reindeer-the-movie-282903/
http://goo.gl/wdzJ9e,http://www.librarie.net/p/69131/Cele-mai-frumoase-povesti-DVD-Scufita-Rosie
https://goo.gl/RY8J4r,https://www.bol.com/nl/p/sinterklaas-en-de-verdwenen-pakjesboot/1002004010503184/
https://goo.gl/EkP6QJ,https://www.bol.com/nl/p/sinterklaas-en-het-geheim-van-de-robijn/1002004004494947/
http://goo.gl/h4HGHz,http://www.cinemagia.ro/filme/skyrunners-476954/
http://goo.gl/RXQnOE,http://www.cinemagia.ro/filme/stuart-little-3-call-of-the-wild-stuart-little-3-13861/
http://goo.gl/ok3F97,http://www.cinemagia.ro/filme/tarzan-jane-23676/
http://goo.gl/LK3qj9,http://www.imdb.com/title/tt0115472/
http://goo.gl/IKgiQA,http://www.imdb.com/title/tt3332410/
http://goo.gl/acIe5d,http://www.cinemagia.ro/filme/three-little-pigs-34865/
https://goo.gl/A44XlJ,https://www.bol.com/nl/p/thomas-stoomlocomotief-film-actie-avontuur/9200000026089447/
http://goo.gl/xo3VaJ,http://www.cinemagia.ro/filme/tinerete-fara-batranete-1969/
http://goo.gl/zL0lnY,http://www.cinemagia.ro/filme/tom-and-jerry-the-magic-ring-tom-si-jerry-inelul-fermecat-7844/
http://goo.gl/msEfUh,http://www.cinemagia.ro/filme/tom-and-jerry-the-movie-22131/
http://goo.gl/zac6oN,http://www.cinemagia.ro/filme/unstable-fables-3-pigs-a-baby-460379/
http://goo.gl/uclDh1,http://www.cinemagia.ro/filme/veronica-136/
http://goo.gl/gWLmGY,http://www.cinemagia.ro/filme/veronica-se-intoarce-7070/
https://goo.gl/um8cH6,https://www.bol.com/nl/p/woezel-pip-op-zoek-naar-de-sloddervos/9200000053840234/
